{
    "$schema": "https://schema.management.azure.com/schemas/2019-04-01/deploymentTemplate.json#",
    "contentVersion": "1.0.0.0",
    "parameters": {
        "containerGroups_gamezone_identidade_api_name": {
            "defaultValue": "gamezone-identidade-api",
            "type": "String"
        }
    },
    "variables": {},
    "resources": [
        {
            "type": "Microsoft.ContainerInstance/containerGroups",
            "apiVersion": "2023-05-01",
            "name": "[parameters('containerGroups_gamezone_identidade_api_name')]",
            "location": "westus",
            "properties": {
                "sku": "Standard",
                "containers": [
                    {
                        "name": "[parameters('containerGroups_gamezone_identidade_api_name')]",
                        "properties": {
                            "image": "gamezoneacr.azurecr.io/gamezone-api-identidade:development-v2",
                            "ports": [
                                {
                                    "protocol": "TCP",
                                    "port": 5501
                                }
                            ],
                            "environmentVariables": [
                                {
                                    "name": "ASPNETCORE_ENVIRONMENT",
                                    "value": "Development"
                                },
                                {
                                    "name": "ASPNETCORE_URLS",
                                    "value": "https://+:5501;http://+5502"
                                },
                                {
                                    "name": "ASPNETCORE_Kestrel__Certificates__Default__Password",
                                    "value": "123@Fiap"
                                },
                                {
                                    "name": "ASPNETCORE_Kestrel__Certificates__Default__Path",
                                    "value": "/https/gamezone-certificate.pfx"
                                }
                            ],
                            "resources": {
                                "requests": {
                                    "memoryInGB": 1.5,
                                    "cpu": 0.5
                                }
                            },
                            "volumeMounts": [
                                {
                                    "name": "azurefile",
                                    "mountPath": "/https"
                                }
                            ]
                        }
                    }
                ],
                "initContainers": [],
                "imageRegistryCredentials": [
                    {
                        "server": "gamezoneacr.azurecr.io",
                        "username": "gamezoneacr"
                    }
                ],
                "restartPolicy": "Always",
                "ipAddress": {
                    "ports": [
                        {
                            "protocol": "TCP",
                            "port": 5501
                        }
                    ],
                    "ip": "20.253.186.113",
                    "type": "Public",
                    "dnsNameLabel": "[parameters('containerGroups_gamezone_identidade_api_name')]",
                    "autoGeneratedDomainNameLabelScope": "Unsecure"
                },
                "osType": "Linux",
                "volumes": [
                    {
                        "name": "azurefile",
                        "azureFile": {
                            "shareName": "https",
                            "storageAccountName": "gamezonetech"
                        }
                    }
                ]
            }
        }
    ]
}